Nr,Gutschein-Code,Beschreibung,Status
1,WINE-T1H2-61SI-ADHF,1 Jahr kostenloses Pro-Abo,Verfügbar
2,WINE-XK4M-M8QJ-5X7R,1 Jahr kostenloses Pro-Abo,Verfügbar
3,WINE-JZH7-76MW-9X07,1 Jahr kostenloses Pro-Abo,Verfügbar
4,WINE-NMLE-FPS5-VDLU,1 Jahr kostenloses Pro-Abo,Verfügbar
5,WINE-JK9E-89QM-I217,1 Jahr kostenloses Pro-Abo,Verfügbar
6,WINE-B8RZ-2P7L-LRH4,1 Jahr kostenloses Pro-Abo,Verfügbar
7,WINE-FPDK-7DI6-IPTC,1 Jahr kostenloses Pro-Abo,Verfügbar
8,WINE-Y7Y3-4YJU-Z0LH,1 Jahr kostenloses Pro-Abo,Verfügbar
9,WINE-LMRX-PBWA-OFGZ,1 Jahr kostenloses Pro-Abo,Verfügbar
10,WINE-WB45-ETJL-1TLV,1 Jahr kostenloses Pro-Abo,Verfügbar
11,WINE-C4TW-XKC6-DHCC,1 Jahr kostenloses Pro-Abo,Verfügbar
12,WINE-5EMS-9B2L-5LFR,1 Jahr kostenloses Pro-Abo,Verfügbar
13,WINE-CJ1H-4I3C-K0X6,1 Jahr kostenloses Pro-Abo,Verfügbar
14,WINE-NKQJ-MBG3-GLWF,1 Jahr kostenloses Pro-Abo,Verfügbar
15,WINE-SA20-3K1X-B8MC,1 Jahr kostenloses Pro-Abo,Verfügbar
16,WINE-QX5S-QMXB-YVWZ,1 Jahr kostenloses Pro-Abo,Verfügbar
17,WINE-SXFF-F44S-XLEE,1 Jahr kostenloses Pro-Abo,Verfügbar
18,WINE-169D-T0UT-N9FB,1 Jahr kostenloses Pro-Abo,Verfügbar
19,WINE-64WT-T9NI-CAM3,1 Jahr kostenloses Pro-Abo,Verfügbar
20,WINE-2TFV-6AFS-7YDK,1 Jahr kostenloses Pro-Abo,Verfügbar
21,WINE-ZO8W-V4T7-RFOH,1 Jahr kostenloses Pro-Abo,Verfügbar
22,WINE-WYV4-ML31-VSNA,1 Jahr kostenloses Pro-Abo,Verfügbar
23,WINE-PHDF-G4Z2-SZ27,1 Jahr kostenloses Pro-Abo,Verfügbar
24,WINE-ZJAO-VRO3-FBD0,1 Jahr kostenloses Pro-Abo,Verfügbar
25,WINE-YGPY-1P4N-NULU,1 Jahr kostenloses Pro-Abo,Verfügbar
26,WINE-B9NG-24U4-K2T6,1 Jahr kostenloses Pro-Abo,Verfügbar
27,WINE-9CGW-PFGB-YVZD,1 Jahr kostenloses Pro-Abo,Verfügbar
28,WINE-MA39-M4LH-8HK3,1 Jahr kostenloses Pro-Abo,Verfügbar
29,WINE-OG86-OSD4-0NVA,1 Jahr kostenloses Pro-Abo,Verfügbar
30,WINE-3FQA-1LPM-3831,1 Jahr kostenloses Pro-Abo,Verfügbar
31,WINE-GWXP-OEDP-XTAX,1 Jahr kostenloses Pro-Abo,Verfügbar
32,WINE-33EC-MRK6-R76B,1 Jahr kostenloses Pro-Abo,Verfügbar
33,WINE-3BJQ-HWWI-39YV,1 Jahr kostenloses Pro-Abo,Verfügbar
34,WINE-NK94-OP64-FV0M,1 Jahr kostenloses Pro-Abo,Verfügbar
35,WINE-3TFV-ITR8-P35F,1 Jahr kostenloses Pro-Abo,Verfügbar
36,WINE-UPHK-9B85-0C23,1 Jahr kostenloses Pro-Abo,Verfügbar
37,WINE-3IEF-4A9K-PQ6T,1 Jahr kostenloses Pro-Abo,Verfügbar
38,WINE-7VFW-NSSF-9PM9,1 Jahr kostenloses Pro-Abo,Verfügbar
39,WINE-QQEI-Q3FW-TP19,1 Jahr kostenloses Pro-Abo,Verfügbar
40,WINE-I121-UGG5-D96H,1 Jahr kostenloses Pro-Abo,Verfügbar
41,WINE-ENDS-6LKE-ER3X,1 Jahr kostenloses Pro-Abo,Verfügbar
42,WINE-0VZW-3YF6-7OXY,1 Jahr kostenloses Pro-Abo,Verfügbar
43,WINE-668E-K99E-YHED,1 Jahr kostenloses Pro-Abo,Verfügbar
44,WINE-SJJP-T88M-Y2KL,1 Jahr kostenloses Pro-Abo,Verfügbar
45,WINE-EE80-3FH5-JV57,1 Jahr kostenloses Pro-Abo,Verfügbar
46,WINE-9FS7-9AMR-Y6CO,1 Jahr kostenloses Pro-Abo,Verfügbar
47,WINE-JGXL-N4NA-EPA3,1 Jahr kostenloses Pro-Abo,Verfügbar
48,WINE-2NHY-JLFJ-PFDD,1 Jahr kostenloses Pro-Abo,Verfügbar
49,WINE-42LV-EZDZ-2024,1 Jahr kostenloses Pro-Abo,Verfügbar
50,WINE-4HX4-K1FQ-QW64,1 Jahr kostenloses Pro-Abo,Verfügbar
51,WINE-TTE2-UW37-VY79,1 Jahr kostenloses Pro-Abo,Verfügbar
52,WINE-5Z0S-D1L3-JWCS,1 Jahr kostenloses Pro-Abo,Verfügbar
53,WINE-7V0F-WQIG-QMVE,1 Jahr kostenloses Pro-Abo,Verfügbar
54,WINE-CD86-GD57-J8JQ,1 Jahr kostenloses Pro-Abo,Verfügbar
55,WINE-M1M0-F48U-UFGM,1 Jahr kostenloses Pro-Abo,Verfügbar
56,WINE-E2UQ-M1FK-AKZG,1 Jahr kostenloses Pro-Abo,Verfügbar
57,WINE-42X4-V83I-YTBW,1 Jahr kostenloses Pro-Abo,Verfügbar
58,WINE-QF0W-BK3U-EZS9,1 Jahr kostenloses Pro-Abo,Verfügbar
59,WINE-G1IV-A6EQ-MXUY,1 Jahr kostenloses Pro-Abo,Verfügbar
60,WINE-XX04-Q3UU-4ILF,1 Jahr kostenloses Pro-Abo,Verfügbar
61,WINE-43U2-HJIJ-29T9,1 Jahr kostenloses Pro-Abo,Verfügbar
62,WINE-D4Z0-TAH8-V0BZ,1 Jahr kostenloses Pro-Abo,Verfügbar
63,WINE-QVJQ-U0GW-56ZS,1 Jahr kostenloses Pro-Abo,Verfügbar
64,WINE-0BFO-WK0Z-5YM0,1 Jahr kostenloses Pro-Abo,Verfügbar
65,WINE-W61D-QC9E-YIDP,1 Jahr kostenloses Pro-Abo,Verfügbar
66,WINE-ZCQC-YRUM-RA2W,1 Jahr kostenloses Pro-Abo,Verfügbar
67,WINE-5EW3-CG9G-354H,1 Jahr kostenloses Pro-Abo,Verfügbar
68,WINE-4VI3-WQ2D-VC75,1 Jahr kostenloses Pro-Abo,Verfügbar
69,WINE-C05R-794D-YG3I,1 Jahr kostenloses Pro-Abo,Verfügbar
70,WINE-N138-LRRM-EGLO,1 Jahr kostenloses Pro-Abo,Verfügbar
71,WINE-FKXY-4W7L-XUHU,1 Jahr kostenloses Pro-Abo,Verfügbar
72,WINE-3G9Y-61Y0-BAUG,1 Jahr kostenloses Pro-Abo,Verfügbar
73,WINE-5VMQ-4A4M-KFKZ,1 Jahr kostenloses Pro-Abo,Verfügbar
74,WINE-L06Y-9F5E-DGVJ,1 Jahr kostenloses Pro-Abo,Verfügbar
75,WINE-VXMM-Y0VS-XD1J,1 Jahr kostenloses Pro-Abo,Verfügbar
76,WINE-B2YG-ACH9-2YF6,1 Jahr kostenloses Pro-Abo,Verfügbar
77,WINE-UF93-E74R-FU8H,1 Jahr kostenloses Pro-Abo,Verfügbar
78,WINE-BQ2B-YY68-22RH,1 Jahr kostenloses Pro-Abo,Verfügbar
79,WINE-DWAH-1898-VZMM,1 Jahr kostenloses Pro-Abo,Verfügbar
80,WINE-WXSA-ONYE-TX8F,1 Jahr kostenloses Pro-Abo,Verfügbar
81,WINE-G9JH-FJSH-UN35,1 Jahr kostenloses Pro-Abo,Verfügbar
82,WINE-YNWC-V4AO-2HD5,1 Jahr kostenloses Pro-Abo,Verfügbar
83,WINE-Y0RF-L2SR-AYGV,1 Jahr kostenloses Pro-Abo,Verfügbar
84,WINE-TXJB-L3P9-C6TU,1 Jahr kostenloses Pro-Abo,Verfügbar
85,WINE-HYSO-S5BU-UNLL,1 Jahr kostenloses Pro-Abo,Verfügbar
86,WINE-S1BN-8PW2-07BX,1 Jahr kostenloses Pro-Abo,Verfügbar
87,WINE-UMDJ-X7LG-WGZM,1 Jahr kostenloses Pro-Abo,Verfügbar
88,WINE-MDVB-SNR4-YFYG,1 Jahr kostenloses Pro-Abo,Verfügbar
89,WINE-LO94-BPLN-OK6U,1 Jahr kostenloses Pro-Abo,Verfügbar
90,WINE-J8TQ-N2PS-ZTBX,1 Jahr kostenloses Pro-Abo,Verfügbar
91,WINE-2LOK-6VPB-6043,1 Jahr kostenloses Pro-Abo,Verfügbar
92,WINE-I9MY-KSH9-ME19,1 Jahr kostenloses Pro-Abo,Verfügbar
93,WINE-B7TK-A4MC-BLOY,1 Jahr kostenloses Pro-Abo,Verfügbar
94,WINE-5929-VLO1-ZPNF,1 Jahr kostenloses Pro-Abo,Verfügbar
95,WINE-XD1T-RJW1-9P7Y,1 Jahr kostenloses Pro-Abo,Verfügbar
96,WINE-06PK-HTFK-O2CG,1 Jahr kostenloses Pro-Abo,Verfügbar
97,WINE-7WWW-ALMH-OH7B,1 Jahr kostenloses Pro-Abo,Verfügbar
98,WINE-H884-KPQJ-RGTA,1 Jahr kostenloses Pro-Abo,Verfügbar
99,WINE-JHF0-PSBB-QXSZ,1 Jahr kostenloses Pro-Abo,Verfügbar
100,WINE-FH81-LKBF-Y33W,1 Jahr kostenloses Pro-Abo,Verfügbar
